Workbook

Sheet Category Reference
A1: category | B1: min_price_inr | C1: max_price_inr
A2: AC Repair & Service | B2: 499 | C2: 2499
A3: Salon for Women | B3: 699 | C3: 3499
A4: Salon for Men | B4: 349 | C4: 1499
A5: Deep Home Cleaning | B5: 999 | C5: 4999
A6: Plumbing | B6: 199 | C6: 1499
A7: Electrical Repair | B7: 199 | C7: 1999

Sheet City-Category Data
A1: city | B1: category | C1: bookings_count | D1: revenue_inr | E1: sla_breaches | F1: min_price_inr | G1: max_price_inr
A2: Bengaluru | B2: AC Repair & Service | C2: 39 | D2: 60110 | E2: 7 | F2: =VLOOKUP(B2,'Category Reference'!$A$1:$C$7,2,FALSE) -> 499 | G2: =VLOOKUP(B2,'Category Reference'!$A$1:$C$7,3,FALSE) -> 2499
A3: Bengaluru | B3: Deep Home Cleaning | C3: 18 | D3: 49592 | E3: 2 | F3: =VLOOKUP(B3,'Category Reference'!$A$1:$C$7,2,FALSE) -> 999 | G3: =VLOOKUP(B3,'Category Reference'!$A$1:$C$7,3,FALSE) -> 4999
A4: Bengaluru | B4: Electrical Repair | C4: 19 | D4: 23082 | E4: 3 | F4: =VLOOKUP(B4,'Category Reference'!$A$1:$C$7,2,FALSE) -> 199 | G4: =VLOOKUP(B4,'Category Reference'!$A$1:$C$7,3,FALSE) -> 1999
A5: Bengaluru | B5: Salon for Men | C5: 14 | D5: 13565 | E5: 3 | F5: =VLOOKUP(B5,'Category Reference'!$A$1:$C$7,2,FALSE) -> 349 | G5: =VLOOKUP(B5,'Category Reference'!$A$1:$C$7,3,FALSE) -> 1499
A6: Bengaluru | B6: Salon for Women | C6: 16 | D6: 32367 | E6: 2 | F6: =VLOOKUP(B6,'Category Reference'!$A$1:$C$7,2,FALSE) -> 699 | G6: =VLOOKUP(B6,'Category Reference'!$A$1:$C$7,3,FALSE) -> 3499
A7: Chennai | B7: Deep Home Cleaning | C7: 37 | D7: 109499 | E7: 5 | F7: =VLOOKUP(B7,'Category Reference'!$A$1:$C$7,2,FALSE) -> 999 | G7: =VLOOKUP(B7,'Category Reference'!$A$1:$C$7,3,FALSE) -> 4999
A8: Chennai | B8: Electrical Repair | C8: 13 | D8: 13044 | E8: 1 | F8: =VLOOKUP(B8,'Category Reference'!$A$1:$C$7,2,FALSE) -> 199 | G8: =VLOOKUP(B8,'Category Reference'!$A$1:$C$7,3,FALSE) -> 1999
A9: Chennai | B9: Plumbing | C9: 63 | D9: 53095 | E9: 9 | F9: =VLOOKUP(B9,'Category Reference'!$A$1:$C$7,2,FALSE) -> 199 | G9: =VLOOKUP(B9,'Category Reference'!$A$1:$C$7,3,FALSE) -> 1499
A10: Delhi NCR | B10: AC Repair & Service | C10: 14 | D10: 22760 | E10: 0 | F10: =VLOOKUP(B10,'Category Reference'!$A$1:$C$7,2,FALSE) -> 499 | G10: =VLOOKUP(B10,'Category Reference'!$A$1:$C$7,3,FALSE) -> 2499
A11: Delhi NCR | B11: Deep Home Cleaning | C11: 25 | D11: 63041 | E11: 0 | F11: =VLOOKUP(B11,'Category Reference'!$A$1:$C$7,2,FALSE) -> 999 | G11: =VLOOKUP(B11,'Category Reference'!$A$1:$C$7,3,FALSE) -> 4999
A12: Delhi NCR | B12: Electrical Repair | C12: 12 | D12: 12585 | E12: 1 | F12: =VLOOKUP(B12,'Category Reference'!$A$1:$C$7,2,FALSE) -> 199 | G12: =VLOOKUP(B12,'Category Reference'!$A$1:$C$7,3,FALSE) -> 1999
A13: Delhi NCR | B13: Plumbing | C13: 19 | D13: 16065 | E13: 3 | F13: =VLOOKUP(B13,'Category Reference'!$A$1:$C$7,2,FALSE) -> 199 | G13: =VLOOKUP(B13,'Category Reference'!$A$1:$C$7,3,FALSE) -> 1499
... A28: Pune | B28: Salon for Women | C28: 24 | D28: 62672 | E28: 1 | F28: =VLOOKUP(B28,'Category Reference'!$A$1:$C$7,2,FALSE) -> 699 | G28: =VLOOKUP(B28,'Category Reference'!$A$1:$C$7,3,FALSE) -> 3499

Sheet Pivot Revenue

Sheet KPI Summary
A1: city | B1: total_revenue | C1: total_sla_breaches | D1: count_of_categories | E1: matches_sql_total?
A2: Bengaluru | B2: =SUMIF('City-Category Data'!$A$2:$A$28,A2,'City-Category Data'!$D$2:$D$28) -> 178716 | C2: =SUMIF('City-Category Data'!$A$2:$A$28,A2,'City-Category Data'!$E$2:$E$28) -> 17 | D2: =COUNTIF('City-Category Data'!$A$2:$A$28,A2) -> 5 | E2: YES
A3: Chennai | B3: =SUMIF('City-Category Data'!$A$2:$A$28,A3,'City-Category Data'!$D$2:$D$28) -> 175638 | C3: =SUMIF('City-Category Data'!$A$2:$A$28,A3,'City-Category Data'!$E$2:$E$28) -> 15 | D3: =COUNTIF('City-Category Data'!$A$2:$A$28,A3) -> 3 | E3: YES
A4: Delhi NCR | B4: =SUMIF('City-Category Data'!$A$2:$A$28,A4,'City-Category Data'!$D$2:$D$28) -> 140771 | C4: =SUMIF('City-Category Data'!$A$2:$A$28,A4,'City-Category Data'!$E$2:$E$28) -> 6 | D4: =COUNTIF('City-Category Data'!$A$2:$A$28,A4) -> 5 | E4: YES
A5: Hyderabad | B5: =SUMIF('City-Category Data'!$A$2:$A$28,A5,'City-Category Data'!$D$2:$D$28) -> 171638 | C5: =SUMIF('City-Category Data'!$A$2:$A$28,A5,'City-Category Data'!$E$2:$E$28) -> 14 | D5: =COUNTIF('City-Category Data'!$A$2:$A$28,A5) -> 5 | E5: YES
A6: Mumbai | B6: =SUMIF('City-Category Data'!$A$2:$A$28,A6,'City-Category Data'!$D$2:$D$28) -> 151630 | C6: =SUMIF('City-Category Data'!$A$2:$A$28,A6,'City-Category Data'!$E$2:$E$28) -> 13 | D6: =COUNTIF('City-Category Data'!$A$2:$A$28,A6) -> 5 | E6: YES
A7: Pune | B7: =SUMIF('City-Category Data'!$A$2:$A$28,A7,'City-Category Data'!$D$2:$D$28) -> 229580 | C7: =SUMIF('City-Category Data'!$A$2:$A$28,A7,'City-Category Data'!$E$2:$E$28) -> 14 | D7: =COUNTIF('City-Category Data'!$A$2:$A$28,A7) -> 4 | E7: YES
